[
{
  "model": "admin.logentry",
  "pk": 8,
  "fields": {
    "action_time": "2023-07-08T15:41:51.654Z",
    "user": 13,
    "content_type": 17,
    "object_id": "15",
    "object_repr": "adam",
    "action_flag": 2,
    "change_message": "[{\"changed\": {\"fields\": [\"First name\", \"Last name\", \"Avatar\", \"Bio\"]}}]"
  }
},
{
  "model": "admin.logentry",
  "pk": 9,
  "fields": {
    "action_time": "2023-07-08T15:45:27.152Z",
    "user": 13,
    "content_type": 17,
    "object_id": "10",
    "object_repr": "rb211",
    "action_flag": 2,
    "change_message": "[{\"changed\": {\"fields\": [\"First name\", \"Last name\", \"Avatar\", \"Bio\"]}}]"
  }
},
{
  "model": "admin.logentry",
  "pk": 10,
  "fields": {
    "action_time": "2023-07-09T11:10:16.177Z",
    "user": 13,
    "content_type": 3,
    "object_id": "2",
    "object_repr": "article readers",
    "action_flag": 1,
    "change_message": "[{\"added\": {}}]"
  }
},
{
  "model": "admin.logentry",
  "pk": 11,
  "fields": {
    "action_time": "2023-07-09T11:11:42.325Z",
    "user": 13,
    "content_type": 4,
    "object_id": "12",
    "object_repr": "akzhan",
    "action_flag": 2,
    "change_message": "[{\"changed\": {\"fields\": [\"Groups\"]}}]"
  }
},
{
  "model": "admin.logentry",
  "pk": 12,
  "fields": {
    "action_time": "2023-07-09T11:11:54.227Z",
    "user": 13,
    "content_type": 4,
    "object_id": "18",
    "object_repr": "adam",
    "action_flag": 2,
    "change_message": "[{\"changed\": {\"fields\": [\"Groups\"]}}]"
  }
},
{
  "model": "admin.logentry",
  "pk": 13,
  "fields": {
    "action_time": "2023-07-09T11:12:03.518Z",
    "user": 13,
    "content_type": 4,
    "object_id": "9",
    "object_repr": "aki",
    "action_flag": 2,
    "change_message": "[{\"changed\": {\"fields\": [\"Groups\"]}}]"
  }
},
{
  "model": "admin.logentry",
  "pk": 14,
  "fields": {
    "action_time": "2023-07-09T11:12:19.416Z",
    "user": 13,
    "content_type": 4,
    "object_id": "16",
    "object_repr": "guy",
    "action_flag": 2,
    "change_message": "[{\"changed\": {\"fields\": [\"Groups\"]}}]"
  }
},
{
  "model": "admin.logentry",
  "pk": 15,
  "fields": {
    "action_time": "2023-07-09T11:12:30.197Z",
    "user": 13,
    "content_type": 4,
    "object_id": "17",
    "object_repr": "kelan",
    "action_flag": 2,
    "change_message": "[{\"changed\": {\"fields\": [\"Groups\"]}}]"
  }
},
{
  "model": "admin.logentry",
  "pk": 16,
  "fields": {
    "action_time": "2023-07-09T11:12:47.873Z",
    "user": 13,
    "content_type": 4,
    "object_id": "15",
    "object_repr": "kenan",
    "action_flag": 2,
    "change_message": "[{\"changed\": {\"fields\": [\"Groups\"]}}]"
  }
},
{
  "model": "admin.logentry",
  "pk": 17,
  "fields": {
    "action_time": "2023-07-09T11:12:58.919Z",
    "user": 13,
    "content_type": 4,
    "object_id": "14",
    "object_repr": "pakito",
    "action_flag": 2,
    "change_message": "[{\"changed\": {\"fields\": [\"Groups\"]}}]"
  }
},
{
  "model": "admin.logentry",
  "pk": 18,
  "fields": {
    "action_time": "2023-07-09T11:13:15.709Z",
    "user": 13,
    "content_type": 4,
    "object_id": "11",
    "object_repr": "test2",
    "action_flag": 2,
    "change_message": "[{\"changed\": {\"fields\": [\"Groups\"]}}]"
  }
},
{
  "model": "admin.logentry",
  "pk": 19,
  "fields": {
    "action_time": "2023-07-09T11:19:13.573Z",
    "user": 13,
    "content_type": 3,
    "object_id": "2",
    "object_repr": "article_readers",
    "action_flag": 2,
    "change_message": "[{\"changed\": {\"fields\": [\"Name\"]}}]"
  }
},
{
  "model": "admin.logentry",
  "pk": 20,
  "fields": {
    "action_time": "2023-07-12T12:24:47.337Z",
    "user": 13,
    "content_type": 3,
    "object_id": "1",
    "object_repr": "user_guest",
    "action_flag": 2,
    "change_message": "[{\"changed\": {\"fields\": [\"Permissions\"]}}]"
  }
},
{
  "model": "admin.logentry",
  "pk": 21,
  "fields": {
    "action_time": "2023-07-12T12:25:32.695Z",
    "user": 13,
    "content_type": 4,
    "object_id": "18",
    "object_repr": "adam",
    "action_flag": 2,
    "change_message": "[{\"changed\": {\"fields\": [\"Groups\"]}}]"
  }
},
{
  "model": "admin.logentry",
  "pk": 22,
  "fields": {
    "action_time": "2023-07-12T12:25:41.387Z",
    "user": 13,
    "content_type": 4,
    "object_id": "9",
    "object_repr": "aki",
    "action_flag": 2,
    "change_message": "[{\"changed\": {\"fields\": [\"Groups\"]}}]"
  }
},
{
  "model": "admin.logentry",
  "pk": 23,
  "fields": {
    "action_time": "2023-07-12T12:25:50.629Z",
    "user": 13,
    "content_type": 4,
    "object_id": "12",
    "object_repr": "akzhan",
    "action_flag": 2,
    "change_message": "[{\"changed\": {\"fields\": [\"Groups\"]}}]"
  }
},
{
  "model": "admin.logentry",
  "pk": 24,
  "fields": {
    "action_time": "2023-07-12T12:25:59.252Z",
    "user": 13,
    "content_type": 4,
    "object_id": "16",
    "object_repr": "guy",
    "action_flag": 2,
    "change_message": "[{\"changed\": {\"fields\": [\"Groups\"]}}]"
  }
},
{
  "model": "admin.logentry",
  "pk": 25,
  "fields": {
    "action_time": "2023-07-12T12:26:12.167Z",
    "user": 13,
    "content_type": 4,
    "object_id": "17",
    "object_repr": "kelan",
    "action_flag": 2,
    "change_message": "[{\"changed\": {\"fields\": [\"Groups\"]}}]"
  }
},
{
  "model": "admin.logentry",
  "pk": 26,
  "fields": {
    "action_time": "2023-07-12T12:26:25.978Z",
    "user": 13,
    "content_type": 4,
    "object_id": "15",
    "object_repr": "kenan",
    "action_flag": 2,
    "change_message": "[{\"changed\": {\"fields\": [\"Groups\"]}}]"
  }
},
{
  "model": "admin.logentry",
  "pk": 27,
  "fields": {
    "action_time": "2023-07-12T12:26:40.802Z",
    "user": 13,
    "content_type": 4,
    "object_id": "14",
    "object_repr": "pakito",
    "action_flag": 2,
    "change_message": "[{\"changed\": {\"fields\": [\"Groups\"]}}]"
  }
},
{
  "model": "admin.logentry",
  "pk": 28,
  "fields": {
    "action_time": "2023-07-12T12:27:13.129Z",
    "user": 13,
    "content_type": 4,
    "object_id": "13",
    "object_repr": "rb211",
    "action_flag": 2,
    "change_message": "[{\"changed\": {\"fields\": [\"User permissions\"]}}]"
  }
},
{
  "model": "admin.logentry",
  "pk": 29,
  "fields": {
    "action_time": "2023-07-12T12:27:24.803Z",
    "user": 13,
    "content_type": 4,
    "object_id": "11",
    "object_repr": "test2",
    "action_flag": 2,
    "change_message": "[{\"changed\": {\"fields\": [\"Groups\"]}}]"
  }
},
{
  "model": "admin.logentry",
  "pk": 30,
  "fields": {
    "action_time": "2023-07-12T12:31:52.802Z",
    "user": 13,
    "content_type": 4,
    "object_id": "9",
    "object_repr": "aki",
    "action_flag": 2,
    "change_message": "[{\"changed\": {\"fields\": [\"User permissions\"]}}]"
  }
},
{
  "model": "admin.logentry",
  "pk": 31,
  "fields": {
    "action_time": "2023-07-12T12:58:42.879Z",
    "user": 13,
    "content_type": 3,
    "object_id": "3",
    "object_repr": "edit_staff",
    "action_flag": 1,
    "change_message": "[{\"added\": {}}]"
  }
},
{
  "model": "admin.logentry",
  "pk": 32,
  "fields": {
    "action_time": "2023-07-12T12:58:54.850Z",
    "user": 13,
    "content_type": 4,
    "object_id": "9",
    "object_repr": "aki",
    "action_flag": 2,
    "change_message": "[{\"changed\": {\"fields\": [\"Groups\"]}}]"
  }
},
{
  "model": "admin.logentry",
  "pk": 33,
  "fields": {
    "action_time": "2023-07-12T13:04:07.275Z",
    "user": 13,
    "content_type": 4,
    "object_id": "9",
    "object_repr": "aki",
    "action_flag": 2,
    "change_message": "[{\"changed\": {\"fields\": [\"Groups\", \"User permissions\"]}}]"
  }
},
{
  "model": "admin.logentry",
  "pk": 34,
  "fields": {
    "action_time": "2023-07-12T13:26:17.101Z",
    "user": 13,
    "content_type": 4,
    "object_id": "9",
    "object_repr": "aki",
    "action_flag": 2,
    "change_message": "[{\"changed\": {\"fields\": [\"Groups\"]}}]"
  }
},
{
  "model": "admin.logentry",
  "pk": 35,
  "fields": {
    "action_time": "2023-07-12T14:01:39.172Z",
    "user": 13,
    "content_type": 3,
    "object_id": "4",
    "object_repr": "delete_staff",
    "action_flag": 1,
    "change_message": "[{\"added\": {}}]"
  }
},
{
  "model": "admin.logentry",
  "pk": 36,
  "fields": {
    "action_time": "2023-07-12T14:02:03.125Z",
    "user": 13,
    "content_type": 4,
    "object_id": "12",
    "object_repr": "akzhan",
    "action_flag": 2,
    "change_message": "[{\"changed\": {\"fields\": [\"Groups\"]}}]"
  }
},
{
  "model": "admin.logentry",
  "pk": 37,
  "fields": {
    "action_time": "2023-07-16T08:43:19.715Z",
    "user": 13,
    "content_type": 3,
    "object_id": "5",
    "object_repr": "comment_staff",
    "action_flag": 1,
    "change_message": "[{\"added\": {}}]"
  }
},
{
  "model": "auth.permission",
  "pk": 1,
  "fields": {
    "name": "Can add log entry",
    "content_type": 1,
    "codename": "add_logentry"
  }
},
{
  "model": "auth.permission",
  "pk": 2,
  "fields": {
    "name": "Can change log entry",
    "content_type": 1,
    "codename": "change_logentry"
  }
},
{
  "model": "auth.permission",
  "pk": 3,
  "fields": {
    "name": "Can delete log entry",
    "content_type": 1,
    "codename": "delete_logentry"
  }
},
{
  "model": "auth.permission",
  "pk": 4,
  "fields": {
    "name": "Can view log entry",
    "content_type": 1,
    "codename": "view_logentry"
  }
},
{
  "model": "auth.permission",
  "pk": 5,
  "fields": {
    "name": "Can add permission",
    "content_type": 2,
    "codename": "add_permission"
  }
},
{
  "model": "auth.permission",
  "pk": 6,
  "fields": {
    "name": "Can change permission",
    "content_type": 2,
    "codename": "change_permission"
  }
},
{
  "model": "auth.permission",
  "pk": 7,
  "fields": {
    "name": "Can delete permission",
    "content_type": 2,
    "codename": "delete_permission"
  }
},
{
  "model": "auth.permission",
  "pk": 8,
  "fields": {
    "name": "Can view permission",
    "content_type": 2,
    "codename": "view_permission"
  }
},
{
  "model": "auth.permission",
  "pk": 9,
  "fields": {
    "name": "Can add group",
    "content_type": 3,
    "codename": "add_group"
  }
},
{
  "model": "auth.permission",
  "pk": 10,
  "fields": {
    "name": "Can change group",
    "content_type": 3,
    "codename": "change_group"
  }
},
{
  "model": "auth.permission",
  "pk": 11,
  "fields": {
    "name": "Can delete group",
    "content_type": 3,
    "codename": "delete_group"
  }
},
{
  "model": "auth.permission",
  "pk": 12,
  "fields": {
    "name": "Can view group",
    "content_type": 3,
    "codename": "view_group"
  }
},
{
  "model": "auth.permission",
  "pk": 13,
  "fields": {
    "name": "Can add user",
    "content_type": 4,
    "codename": "add_user"
  }
},
{
  "model": "auth.permission",
  "pk": 14,
  "fields": {
    "name": "Can change user",
    "content_type": 4,
    "codename": "change_user"
  }
},
{
  "model": "auth.permission",
  "pk": 15,
  "fields": {
    "name": "Can delete user",
    "content_type": 4,
    "codename": "delete_user"
  }
},
{
  "model": "auth.permission",
  "pk": 16,
  "fields": {
    "name": "Can view user",
    "content_type": 4,
    "codename": "view_user"
  }
},
{
  "model": "auth.permission",
  "pk": 17,
  "fields": {
    "name": "Can add content type",
    "content_type": 5,
    "codename": "add_contenttype"
  }
},
{
  "model": "auth.permission",
  "pk": 18,
  "fields": {
    "name": "Can change content type",
    "content_type": 5,
    "codename": "change_contenttype"
  }
},
{
  "model": "auth.permission",
  "pk": 19,
  "fields": {
    "name": "Can delete content type",
    "content_type": 5,
    "codename": "delete_contenttype"
  }
},
{
  "model": "auth.permission",
  "pk": 20,
  "fields": {
    "name": "Can view content type",
    "content_type": 5,
    "codename": "view_contenttype"
  }
},
{
  "model": "auth.permission",
  "pk": 21,
  "fields": {
    "name": "Can add session",
    "content_type": 6,
    "codename": "add_session"
  }
},
{
  "model": "auth.permission",
  "pk": 22,
  "fields": {
    "name": "Can change session",
    "content_type": 6,
    "codename": "change_session"
  }
},
{
  "model": "auth.permission",
  "pk": 23,
  "fields": {
    "name": "Can delete session",
    "content_type": 6,
    "codename": "delete_session"
  }
},
{
  "model": "auth.permission",
  "pk": 24,
  "fields": {
    "name": "Can view session",
    "content_type": 6,
    "codename": "view_session"
  }
},
{
  "model": "auth.permission",
  "pk": 25,
  "fields": {
    "name": "Can add person",
    "content_type": 7,
    "codename": "add_person"
  }
},
{
  "model": "auth.permission",
  "pk": 26,
  "fields": {
    "name": "Can change person",
    "content_type": 7,
    "codename": "change_person"
  }
},
{
  "model": "auth.permission",
  "pk": 27,
  "fields": {
    "name": "Can delete person",
    "content_type": 7,
    "codename": "delete_person"
  }
},
{
  "model": "auth.permission",
  "pk": 28,
  "fields": {
    "name": "Can view person",
    "content_type": 7,
    "codename": "view_person"
  }
},
{
  "model": "auth.permission",
  "pk": 29,
  "fields": {
    "name": "Can add email address",
    "content_type": 8,
    "codename": "add_emailaddress"
  }
},
{
  "model": "auth.permission",
  "pk": 30,
  "fields": {
    "name": "Can change email address",
    "content_type": 8,
    "codename": "change_emailaddress"
  }
},
{
  "model": "auth.permission",
  "pk": 31,
  "fields": {
    "name": "Can delete email address",
    "content_type": 8,
    "codename": "delete_emailaddress"
  }
},
{
  "model": "auth.permission",
  "pk": 32,
  "fields": {
    "name": "Can view email address",
    "content_type": 8,
    "codename": "view_emailaddress"
  }
},
{
  "model": "auth.permission",
  "pk": 33,
  "fields": {
    "name": "Can add email confirmation",
    "content_type": 9,
    "codename": "add_emailconfirmation"
  }
},
{
  "model": "auth.permission",
  "pk": 34,
  "fields": {
    "name": "Can change email confirmation",
    "content_type": 9,
    "codename": "change_emailconfirmation"
  }
},
{
  "model": "auth.permission",
  "pk": 35,
  "fields": {
    "name": "Can delete email confirmation",
    "content_type": 9,
    "codename": "delete_emailconfirmation"
  }
},
{
  "model": "auth.permission",
  "pk": 36,
  "fields": {
    "name": "Can view email confirmation",
    "content_type": 9,
    "codename": "view_emailconfirmation"
  }
},
{
  "model": "auth.permission",
  "pk": 37,
  "fields": {
    "name": "Can add social account",
    "content_type": 10,
    "codename": "add_socialaccount"
  }
},
{
  "model": "auth.permission",
  "pk": 38,
  "fields": {
    "name": "Can change social account",
    "content_type": 10,
    "codename": "change_socialaccount"
  }
},
{
  "model": "auth.permission",
  "pk": 39,
  "fields": {
    "name": "Can delete social account",
    "content_type": 10,
    "codename": "delete_socialaccount"
  }
},
{
  "model": "auth.permission",
  "pk": 40,
  "fields": {
    "name": "Can view social account",
    "content_type": 10,
    "codename": "view_socialaccount"
  }
},
{
  "model": "auth.permission",
  "pk": 41,
  "fields": {
    "name": "Can add social application",
    "content_type": 11,
    "codename": "add_socialapp"
  }
},
{
  "model": "auth.permission",
  "pk": 42,
  "fields": {
    "name": "Can change social application",
    "content_type": 11,
    "codename": "change_socialapp"
  }
},
{
  "model": "auth.permission",
  "pk": 43,
  "fields": {
    "name": "Can delete social application",
    "content_type": 11,
    "codename": "delete_socialapp"
  }
},
{
  "model": "auth.permission",
  "pk": 44,
  "fields": {
    "name": "Can view social application",
    "content_type": 11,
    "codename": "view_socialapp"
  }
},
{
  "model": "auth.permission",
  "pk": 45,
  "fields": {
    "name": "Can add social application token",
    "content_type": 12,
    "codename": "add_socialtoken"
  }
},
{
  "model": "auth.permission",
  "pk": 46,
  "fields": {
    "name": "Can change social application token",
    "content_type": 12,
    "codename": "change_socialtoken"
  }
},
{
  "model": "auth.permission",
  "pk": 47,
  "fields": {
    "name": "Can delete social application token",
    "content_type": 12,
    "codename": "delete_socialtoken"
  }
},
{
  "model": "auth.permission",
  "pk": 48,
  "fields": {
    "name": "Can view social application token",
    "content_type": 12,
    "codename": "view_socialtoken"
  }
},
{
  "model": "auth.permission",
  "pk": 49,
  "fields": {
    "name": "Can add Token",
    "content_type": 13,
    "codename": "add_token"
  }
},
{
  "model": "auth.permission",
  "pk": 50,
  "fields": {
    "name": "Can change Token",
    "content_type": 13,
    "codename": "change_token"
  }
},
{
  "model": "auth.permission",
  "pk": 51,
  "fields": {
    "name": "Can delete Token",
    "content_type": 13,
    "codename": "delete_token"
  }
},
{
  "model": "auth.permission",
  "pk": 52,
  "fields": {
    "name": "Can view Token",
    "content_type": 13,
    "codename": "view_token"
  }
},
{
  "model": "auth.permission",
  "pk": 53,
  "fields": {
    "name": "Can add token",
    "content_type": 14,
    "codename": "add_tokenproxy"
  }
},
{
  "model": "auth.permission",
  "pk": 54,
  "fields": {
    "name": "Can change token",
    "content_type": 14,
    "codename": "change_tokenproxy"
  }
},
{
  "model": "auth.permission",
  "pk": 55,
  "fields": {
    "name": "Can delete token",
    "content_type": 14,
    "codename": "delete_tokenproxy"
  }
},
{
  "model": "auth.permission",
  "pk": 56,
  "fields": {
    "name": "Can view token",
    "content_type": 14,
    "codename": "view_tokenproxy"
  }
},
{
  "model": "auth.permission",
  "pk": 57,
  "fields": {
    "name": "Can add calender slot",
    "content_type": 15,
    "codename": "add_calenderslot"
  }
},
{
  "model": "auth.permission",
  "pk": 58,
  "fields": {
    "name": "Can change calender slot",
    "content_type": 15,
    "codename": "change_calenderslot"
  }
},
{
  "model": "auth.permission",
  "pk": 59,
  "fields": {
    "name": "Can delete calender slot",
    "content_type": 15,
    "codename": "delete_calenderslot"
  }
},
{
  "model": "auth.permission",
  "pk": 60,
  "fields": {
    "name": "Can view calender slot",
    "content_type": 15,
    "codename": "view_calenderslot"
  }
},
{
  "model": "auth.permission",
  "pk": 61,
  "fields": {
    "name": "Can add slot booking",
    "content_type": 16,
    "codename": "add_slotbooking"
  }
},
{
  "model": "auth.permission",
  "pk": 62,
  "fields": {
    "name": "Can change slot booking",
    "content_type": 16,
    "codename": "change_slotbooking"
  }
},
{
  "model": "auth.permission",
  "pk": 63,
  "fields": {
    "name": "Can delete slot booking",
    "content_type": 16,
    "codename": "delete_slotbooking"
  }
},
{
  "model": "auth.permission",
  "pk": 64,
  "fields": {
    "name": "Can view slot booking",
    "content_type": 16,
    "codename": "view_slotbooking"
  }
},
{
  "model": "auth.permission",
  "pk": 65,
  "fields": {
    "name": "Can add profile",
    "content_type": 17,
    "codename": "add_profile"
  }
},
{
  "model": "auth.permission",
  "pk": 66,
  "fields": {
    "name": "Can change profile",
    "content_type": 17,
    "codename": "change_profile"
  }
},
{
  "model": "auth.permission",
  "pk": 67,
  "fields": {
    "name": "Can delete profile",
    "content_type": 17,
    "codename": "delete_profile"
  }
},
{
  "model": "auth.permission",
  "pk": 68,
  "fields": {
    "name": "Can view profile",
    "content_type": 17,
    "codename": "view_profile"
  }
},
{
  "model": "auth.permission",
  "pk": 69,
  "fields": {
    "name": "Can add author",
    "content_type": 18,
    "codename": "add_author"
  }
},
{
  "model": "auth.permission",
  "pk": 70,
  "fields": {
    "name": "Can change author",
    "content_type": 18,
    "codename": "change_author"
  }
},
{
  "model": "auth.permission",
  "pk": 71,
  "fields": {
    "name": "Can delete author",
    "content_type": 18,
    "codename": "delete_author"
  }
},
{
  "model": "auth.permission",
  "pk": 72,
  "fields": {
    "name": "Can view author",
    "content_type": 18,
    "codename": "view_author"
  }
},
{
  "model": "auth.permission",
  "pk": 73,
  "fields": {
    "name": "Can add comment",
    "content_type": 19,
    "codename": "add_comment"
  }
},
{
  "model": "auth.permission",
  "pk": 74,
  "fields": {
    "name": "Can change comment",
    "content_type": 19,
    "codename": "change_comment"
  }
},
{
  "model": "auth.permission",
  "pk": 75,
  "fields": {
    "name": "Can delete comment",
    "content_type": 19,
    "codename": "delete_comment"
  }
},
{
  "model": "auth.permission",
  "pk": 76,
  "fields": {
    "name": "Can view comment",
    "content_type": 19,
    "codename": "view_comment"
  }
},
{
  "model": "auth.permission",
  "pk": 77,
  "fields": {
    "name": "Can add Article",
    "content_type": 20,
    "codename": "add_article"
  }
},
{
  "model": "auth.permission",
  "pk": 78,
  "fields": {
    "name": "Can change Article",
    "content_type": 20,
    "codename": "change_article"
  }
},
{
  "model": "auth.permission",
  "pk": 79,
  "fields": {
    "name": "Can delete Article",
    "content_type": 20,
    "codename": "delete_article"
  }
},
{
  "model": "auth.permission",
  "pk": 80,
  "fields": {
    "name": "Can view Article",
    "content_type": 20,
    "codename": "view_article"
  }
},
{
  "model": "auth.permission",
  "pk": 81,
  "fields": {
    "name": "Can add tag",
    "content_type": 21,
    "codename": "add_tag"
  }
},
{
  "model": "auth.permission",
  "pk": 82,
  "fields": {
    "name": "Can change tag",
    "content_type": 21,
    "codename": "change_tag"
  }
},
{
  "model": "auth.permission",
  "pk": 83,
  "fields": {
    "name": "Can delete tag",
    "content_type": 21,
    "codename": "delete_tag"
  }
},
{
  "model": "auth.permission",
  "pk": 84,
  "fields": {
    "name": "Can view tag",
    "content_type": 21,
    "codename": "view_tag"
  }
},
{
  "model": "auth.permission",
  "pk": 86,
  "fields": {
    "name": "有权限读文章",
    "content_type": 20,
    "codename": "can_read_article"
  }
},
{
  "model": "auth.group",
  "pk": 1,
  "fields": {
    "name": "user_guest",
    "permissions": [
      86,
      80,
      72,
      76,
      84,
      16,
      60,
      64,
      68,
      28
    ]
  }
},
{
  "model": "auth.group",
  "pk": 2,
  "fields": {
    "name": "article_readers",
    "permissions": [
      80,
      72,
      76,
      84
    ]
  }
},
{
  "model": "auth.group",
  "pk": 3,
  "fields": {
    "name": "edit_staff",
    "permissions": [
      30,
      34,
      2,
      78,
      70,
      74,
      82,
      10,
      66,
      26
    ]
  }
},
{
  "model": "auth.group",
  "pk": 4,
  "fields": {
    "name": "delete_staff",
    "permissions": [
      79
    ]
  }
},
{
  "model": "auth.group",
  "pk": 5,
  "fields": {
    "name": "comment_staff",
    "permissions": [
      74,
      75
    ]
  }
},
{
  "model": "auth.user",
  "pk": 9,
  "fields": {
    "password": "pbkdf2_sha256$600000$6SbwD8ftsuwva2Ela2uNtD$QXs8gP3SfULBgSzE2RSo9WqJO4tFU/k2KZ3d/J5lYzk=",
    "last_login": "2023-07-18T14:52:37.510Z",
    "is_superuser": false,
    "username": "aki",
    "first_name": "akzhan",
    "last_name": "berdeyev",
    "email": "berdeyev@gmail.com",
    "is_staff": false,
    "is_active": true,
    "date_joined": "2023-07-07T10:48:25Z",
    "groups": [
      1,
      3
    ],
    "user_permissions": [
      86,
      78,
      80
    ]
  }
},
{
  "model": "auth.user",
  "pk": 11,
  "fields": {
    "password": "pbkdf2_sha256$600000$6hRM4XMzMeNJA1U1fu1BmH$QksrINr6uzQ6U7P7JNC/Yh1+X9CmlvURFD3Py0J7l0c=",
    "last_login": "2023-07-08T10:06:27Z",
    "is_superuser": false,
    "username": "test2",
    "first_name": "test2",
    "last_name": "test22",
    "email": "test@mail.ru",
    "is_staff": false,
    "is_active": true,
    "date_joined": "2023-07-07T11:35:37Z",
    "groups": [
      1
    ],
    "user_permissions": []
  }
},
{
  "model": "auth.user",
  "pk": 12,
  "fields": {
    "password": "!JuNzziL9dLJFYrd4qQf35m94qzQWR1FQqY9EzVLF",
    "last_login": "2023-07-19T08:27:20.774Z",
    "is_superuser": false,
    "username": "akzhan",
    "first_name": "Akzhan",
    "last_name": "Berdeyev",
    "email": "akzhan.berdeyev@gmail.com",
    "is_staff": false,
    "is_active": true,
    "date_joined": "2023-07-08T10:12:35Z",
    "groups": [
      1,
      4
    ],
    "user_permissions": []
  }
},
{
  "model": "auth.user",
  "pk": 13,
  "fields": {
    "password": "pbkdf2_sha256$600000$fUtajVGyhD3l5arKzWjVXx$9oH3qLnAkHIvnto8jL+Su6ZhPcxhNMKno32WATFKPEI=",
    "last_login": "2023-07-19T08:24:23.853Z",
    "is_superuser": true,
    "username": "rb211",
    "first_name": "",
    "last_name": "",
    "email": "",
    "is_staff": true,
    "is_active": true,
    "date_joined": "2023-07-08T10:14:27Z",
    "groups": [],
    "user_permissions": [
      29,
      30,
      31,
      32,
      33,
      34,
      35,
      36,
      1,
      2,
      3,
      4,
      77,
      86,
      78,
      79,
      80,
      69,
      70,
      71,
      72,
      73,
      74,
      75,
      76,
      81,
      82,
      83,
      84,
      9,
      10,
      11,
      12,
      5,
      6,
      7,
      8,
      13,
      14,
      15,
      16,
      49,
      50,
      51,
      52,
      53,
      54,
      55,
      56,
      57,
      58,
      59,
      60,
      61,
      62,
      63,
      64,
      17,
      18,
      19,
      20,
      21,
      22,
      23,
      24,
      37,
      38,
      39,
      40,
      41,
      42,
      43,
      44,
      45,
      46,
      47,
      48,
      65,
      66,
      67,
      68,
      25,
      26,
      27,
      28
    ]
  }
},
{
  "model": "auth.user",
  "pk": 14,
  "fields": {
    "password": "pbkdf2_sha256$600000$poQizc9w7wuesueAfY1wmK$MK5A78FwtMIwSO3SqEQhw+rRTv8xaD7AAswA0Hl/7zM=",
    "last_login": "2023-07-18T15:00:28.179Z",
    "is_superuser": false,
    "username": "pakito",
    "first_name": "pablo",
    "last_name": "escobar",
    "email": "berdeyev@gmail.com",
    "is_staff": false,
    "is_active": true,
    "date_joined": "2023-07-08T10:15:57Z",
    "groups": [
      1
    ],
    "user_permissions": []
  }
},
{
  "model": "auth.user",
  "pk": 15,
  "fields": {
    "password": "pbkdf2_sha256$600000$JM9qEu5D2z0TGyKqqKHNon$7sr4MspggnH9N3yk6m2ChaFl0yYgluK27v0YhBzxHKM=",
    "last_login": null,
    "is_superuser": false,
    "username": "kenan",
    "first_name": "kenan",
    "last_name": "thompson",
    "email": "berdeyev@gmail.com",
    "is_staff": false,
    "is_active": true,
    "date_joined": "2023-07-08T10:22:47Z",
    "groups": [
      1
    ],
    "user_permissions": []
  }
},
{
  "model": "auth.user",
  "pk": 16,
  "fields": {
    "password": "pbkdf2_sha256$600000$kzv4gjJEFvDeXlY6FBWPAX$9IUdeCf0OlTupMq5eIIsT7xyuKxRCVK/GkEksZ613Zg=",
    "last_login": "2023-07-08T10:24:30Z",
    "is_superuser": false,
    "username": "guy",
    "first_name": "guy",
    "last_name": "might",
    "email": "guy@gmail.com",
    "is_staff": false,
    "is_active": true,
    "date_joined": "2023-07-08T10:24:30Z",
    "groups": [
      1
    ],
    "user_permissions": []
  }
},
{
  "model": "auth.user",
  "pk": 17,
  "fields": {
    "password": "pbkdf2_sha256$600000$iCEvBqbY9JqteQpJnKaSpV$b1Js4h8bw6mkpvUY89cd6YXMyZJ8DTzT56KFryOzxIs=",
    "last_login": "2023-07-18T15:15:35.612Z",
    "is_superuser": false,
    "username": "kelan",
    "first_name": "kel",
    "last_name": "mitchel",
    "email": "kelan@gmail.com",
    "is_staff": false,
    "is_active": true,
    "date_joined": "2023-07-08T10:29:11Z",
    "groups": [
      1
    ],
    "user_permissions": []
  }
},
{
  "model": "auth.user",
  "pk": 18,
  "fields": {
    "password": "pbkdf2_sha256$600000$qo3MwgLzeFABgx3HomtXdQ$UtuYXyvariQ8H97YQtPkC1RTBO1n/GrLkYSU54w8YNo=",
    "last_login": "2023-07-08T15:43:06Z",
    "is_superuser": false,
    "username": "adam",
    "first_name": "new_guy",
    "last_name": "noobie",
    "email": "adam@gmail.com",
    "is_staff": false,
    "is_active": true,
    "date_joined": "2023-07-08T10:35:55Z",
    "groups": [
      1
    ],
    "user_permissions": []
  }
},
{
  "model": "auth.user",
  "pk": 19,
  "fields": {
    "password": "!3Xr4uLuxAjKQPcs7FA0C8H7NX6PWm5v1fUWuP8rF",
    "last_login": null,
    "is_superuser": false,
    "username": "anonymous",
    "first_name": "Anonymous",
    "last_name": "User",
    "email": "",
    "is_staff": false,
    "is_active": true,
    "date_joined": "2023-07-16T13:24:47.813Z",
    "groups": [],
    "user_permissions": []
  }
},
{
  "model": "contenttypes.contenttype",
  "pk": 1,
  "fields": {
    "app_label": "admin",
    "model": "logentry"
  }
},
{
  "model": "contenttypes.contenttype",
  "pk": 2,
  "fields": {
    "app_label": "auth",
    "model": "permission"
  }
},
{
  "model": "contenttypes.contenttype",
  "pk": 3,
  "fields": {
    "app_label": "auth",
    "model": "group"
  }
},
{
  "model": "contenttypes.contenttype",
  "pk": 4,
  "fields": {
    "app_label": "auth",
    "model": "user"
  }
},
{
  "model": "contenttypes.contenttype",
  "pk": 5,
  "fields": {
    "app_label": "contenttypes",
    "model": "contenttype"
  }
},
{
  "model": "contenttypes.contenttype",
  "pk": 6,
  "fields": {
    "app_label": "sessions",
    "model": "session"
  }
},
{
  "model": "contenttypes.contenttype",
  "pk": 7,
  "fields": {
    "app_label": "users",
    "model": "person"
  }
},
{
  "model": "contenttypes.contenttype",
  "pk": 8,
  "fields": {
    "app_label": "account",
    "model": "emailaddress"
  }
},
{
  "model": "contenttypes.contenttype",
  "pk": 9,
  "fields": {
    "app_label": "account",
    "model": "emailconfirmation"
  }
},
{
  "model": "contenttypes.contenttype",
  "pk": 10,
  "fields": {
    "app_label": "socialaccount",
    "model": "socialaccount"
  }
},
{
  "model": "contenttypes.contenttype",
  "pk": 11,
  "fields": {
    "app_label": "socialaccount",
    "model": "socialapp"
  }
},
{
  "model": "contenttypes.contenttype",
  "pk": 12,
  "fields": {
    "app_label": "socialaccount",
    "model": "socialtoken"
  }
},
{
  "model": "contenttypes.contenttype",
  "pk": 13,
  "fields": {
    "app_label": "authtoken",
    "model": "token"
  }
},
{
  "model": "contenttypes.contenttype",
  "pk": 14,
  "fields": {
    "app_label": "authtoken",
    "model": "tokenproxy"
  }
},
{
  "model": "contenttypes.contenttype",
  "pk": 15,
  "fields": {
    "app_label": "calender",
    "model": "calenderslot"
  }
},
{
  "model": "contenttypes.contenttype",
  "pk": 16,
  "fields": {
    "app_label": "calender",
    "model": "slotbooking"
  }
},
{
  "model": "contenttypes.contenttype",
  "pk": 17,
  "fields": {
    "app_label": "user",
    "model": "profile"
  }
},
{
  "model": "contenttypes.contenttype",
  "pk": 18,
  "fields": {
    "app_label": "articles",
    "model": "author"
  }
},
{
  "model": "contenttypes.contenttype",
  "pk": 19,
  "fields": {
    "app_label": "articles",
    "model": "comment"
  }
},
{
  "model": "contenttypes.contenttype",
  "pk": 20,
  "fields": {
    "app_label": "articles",
    "model": "article"
  }
},
{
  "model": "contenttypes.contenttype",
  "pk": 21,
  "fields": {
    "app_label": "articles",
    "model": "tag"
  }
},
{
  "model": "sessions.session",
  "pk": "0mffd5ptk6sit56d79884js4wjn6sekz",
  "fields": {
    "session_data": "e30:1qHR15:InnTkQzy6jJR5A2P9uN8Z0IGII7KsiTaxHrbXcf0Q6E",
    "expire_date": "2023-07-20T15:35:35.510Z"
  }
},
{
  "model": "sessions.session",
  "pk": "1zn7m584q7dicwy5lf6htgo6wfs2k26x",
  "fields": {
    "session_data": "e30:1qHjnT:O--JpLJDj9UqQF4tIIIPEwxSIp__V5dYR3PVTPNuGG0",
    "expire_date": "2023-07-21T11:38:47.839Z"
  }
},
{
  "model": "sessions.session",
  "pk": "20go55jyiqbm88odpro5fokycec0i5ki",
  "fields": {
    "session_data": ".eJxVjU0OwiAQhe_C2jRQB2m7sxchwzBNiQ01BRKN8e5S04Uu39_3XsJiybMtiTcbvBiEOovTr-mQbhz3BJdltxskWkvMzbdzxKm5VsUxB8Ic1jgeqz_UjGmunNaBA2-gh04bIp60U60hL3tgdoyoSIPHqrRGIOiU6VBeJkBHiknu0MQp1RvLj3vYnmKQ7w8PiESa:1qITnb:MPAWcHI8jbOTnT4GsKVNNi3UhGiO40Hjj9tkDoWb9cU",
    "expire_date": "2023-07-23T12:45:59.627Z"
  }
},
{
  "model": "sessions.session",
  "pk": "22n9bsrc83k5qcw65y42btlgphck1fzo",
  "fields": {
    "session_data": ".eJxVjU0OwiAQhe_C2jRTKCDd6UXIlJmmxIaaQhON8e5S04Uu39_3XsLjVia_ZV59JNELJ06_3oDhxmkPcJ53u8EQli2V5ts54txcquJUYsASl3Q9Vn-oCfNUOUFa6DTK1khqARU7CGOwoGiQTEhEoI0bwRo4y1Y5YmNBO0KptNGd3aGZc643nh_3uD5FD-8Pp19C6Q:1qHnTP:1--A0klPmhMVuOGINt6RsNr9PmM_SzpNSzIHTE46kfQ",
    "expire_date": "2023-07-21T15:34:19.210Z"
  }
},
{
  "model": "sessions.session",
  "pk": "28yfuyytg44nv20i8lt59ffbcbi7yb9n",
  "fields": {
    "session_data": "e30:1qHjrO:7k__2abcSd2UINl2gH2pGt5BPg-mf-5wBOaYGt4T3Nc",
    "expire_date": "2023-07-21T11:42:50.722Z"
  }
},
{
  "model": "sessions.session",
  "pk": "3m0kbtmlzotuvyv6mm4l8z4ci0kmei6t",
  "fields": {
    "session_data": ".eJxVjM0OwiAQhN-Fs2n4WSjrTV-ELAsJxIYmFk7Gd7c1Pehxvpn5XiLQ6CWMLT9DTeIqlBaXXxiJH7kdDS3LgSdiXkfr03dz1tt021NuvTL1urb7-fpTFdrK7kGNkYEhgwSDVoJlnxzPUTltDWLWEl0y2QMpAkRnfDQ2cfTJwOyteH8Aus47dA:1qM2Wm:QAPQZ-b_glaeHjhCTLL1KTn51f5zd4FQ-t9986sTGbo",
    "expire_date": "2023-08-02T08:27:20.788Z"
  }
},
{
  "model": "sessions.session",
  "pk": "56nkrsxocbk8ztq1665kcuemeww0gneb",
  "fields": {
    "session_data": ".eJxVjEEOwiAQRe_C2pBOpxXapXvPQIZhFNSAKW2iMd5dm3Sh2__efy_laJmjW6pMLgU1KlC7380TXyWvIFwon4vmkucpeb0qeqNVH0uQ22Fz_wKRavy-TWhZwHaIOJC00EDY4wnZgGXooDeeBmmYOu99i2K5H4QBLBCJRcE1WqXWVLKTxz1NTzU27w9_Ez8l:1qGNbK:uSZZeUMtZikuraLqenJkC_FCehgbfVL5ydcS_AVg3ds",
    "expire_date": "2023-07-17T17:44:38.964Z"
  }
},
{
  "model": "sessions.session",
  "pk": "5tld6i7qtidq7txyxaoglmxhpsie0hb0",
  "fields": {
    "session_data": ".eJxVjU0OwiAQhe_C2jRTKCDd6UXIlJmmxIaaQhON8e5S04Uu39_3XsLjVia_ZV59JNELJ06_3oDhxmkPcJ53u8EQli2V5ts54txcquJUYsASl3Q9Vn-oCfNUOUFa6DTK1khqARU7CGOwoGiQTEhEoI0bwRo4y1Y5YmNBO0KptNGd3aGZc643nh_3uD5FD-8Pp19C6Q:1qJAyb:JGTwEk0z-e6SVFvICjFrh30eZKiRBsdg8F4BVCWKp_E",
    "expire_date": "2023-07-25T10:52:13.280Z"
  }
},
{
  "model": "sessions.session",
  "pk": "6c67p4idtm6y1uf0cwkmurnzhwwql62t",
  "fields": {
    "session_data": "e30:1qI4rn:a1TSFUuFOgdFDhbRskzw5JqLzNreROr_XIQYbSXIeRE",
    "expire_date": "2023-07-22T10:08:39.087Z"
  }
},
{
  "model": "sessions.session",
  "pk": "6g1d5adqbznwy5wezyntcoy8absy2rra",
  "fields": {
    "session_data": ".eJxVjU0OwiAQhe_C2jRQB2m7sxchwzBNiQ01BRKN8e5S04Uu39_3XsJiybMtiTcbvBiEOovTr-mQbhz3BJdltxskWkvMzbdzxKm5VsUxB8Ic1jgeqz_UjGmunNaBA2-gh04bIp60U60hL3tgdoyoSIPHqrRGIOiU6VBeJkBHiknu0MQp1RvLj3vYnmKQ7w8PiESa:1qJVjQ:j_D9IITOi1XyCzIJ33QEFDtE3ePtKA5tP2gD_fzPF9g",
    "expire_date": "2023-07-26T09:01:56.706Z"
  }
},
{
  "model": "sessions.session",
  "pk": "8owwnlujtsw42fuco7ebe7wgchh6kf0b",
  "fields": {
    "session_data": ".eJxVjU0OgyAQhe_CujEwgIK79iJkgDGSGmwEkzZN7141Ltrl-_vemzlc6-jWQotLkfVMKHb5NT2GO-U9wWna7QZDmNdcm6NzxqW5bopyTQFrmvPtXP2hRizjxulIGTIctW2l9hpAgQ0QIxghBilNK6yVnSdtTKsC6EEaycGLKLkFPhzQQqVsN46ej7S8WM8_X5P4QkM:1qJaSQ:6mgZY8ygOQt78dxojO384qDj72J00Kle14N2mAVCX_Y",
    "expire_date": "2023-07-26T14:04:42.402Z"
  }
},
{
  "model": "sessions.session",
  "pk": "9kkw10fvxp9kkyywi6jgzttkzl2xthlq",
  "fields": {
    "session_data": "e30:1qHjAk:Sq2Oyven_f2IVHrmGmse0e32b3ZftNxRe8cl3a4Q_Cw",
    "expire_date": "2023-07-21T10:58:46.193Z"
  }
},
{
  "model": "sessions.session",
  "pk": "b58pci0ycbvinuntdgytzn3z2m18jeho",
  "fields": {
    "session_data": ".eJxVjU0OwiAQhe_C2jRQB2m7sxchwzBNiQ01BRKN8e5S04Uu39_3XsJiybMtiTcbvBiEOovTr-mQbhz3BJdltxskWkvMzbdzxKm5VsUxB8Ic1jgeqz_UjGmunNaBA2-gh04bIp60U60hL3tgdoyoSIPHqrRGIOiU6VBeJkBHiknu0MQp1RvLj3vYnmKQ7w8PiESa:1qKCjY:yVINcQo2xxAaGFCpBR7nRJhSS2_zJX_CYg8psDXiDxY",
    "expire_date": "2023-07-28T06:56:56.734Z"
  }
},
{
  "model": "sessions.session",
  "pk": "cm9ex7ut3h79f06fp8er1xhcgjro2ysi",
  "fields": {
    "session_data": "e30:1qH9at:ha2XY7fw3NtshkUnmChVnpdeKqkQPzXlT0p-COonOh8",
    "expire_date": "2023-07-19T20:59:23.498Z"
  }
},
{
  "model": "sessions.session",
  "pk": "cus510mwulvz185tuvbrdfzf9ydwclub",
  "fields": {
    "session_data": "e30:1qH9b7:JYBov9gfWeS-M2ljn3u_WVpajtFmE0A7utrvLznHQks",
    "expire_date": "2023-07-19T20:59:37.430Z"
  }
},
{
  "model": "sessions.session",
  "pk": "d9nfcozqaa0de2lifhk4xmr2xp61eg7e",
  "fields": {
    "session_data": ".eJxVjU0OwiAQhe_C2jRQB2m7sxchwzBNiQ01BRKN8e5S04Uu39_3XsJiybMtiTcbvBiEOovTr-mQbhz3BJdltxskWkvMzbdzxKm5VsUxB8Ic1jgeqz_UjGmunNaBA2-gh04bIp60U60hL3tgdoyoSIPHqrRGIOiU6VBeJkBHiknu0MQp1RvLj3vYnmKQ7w8PiESa:1qIpHi:Lw1UcjdBEteoyFMGrpPBtSEN9Nlavi779VAslRJ73Pw",
    "expire_date": "2023-07-24T11:42:30.775Z"
  }
},
{
  "model": "sessions.session",
  "pk": "e8ai7y6cwd2g88wpiioovadq8fo675m4",
  "fields": {
    "session_data": ".eJxVjU0OwiAQhe_C2jRQB2m7sxchwzBNiQ01BRKN8e5S04Uu39_3XsJiybMtiTcbvBiEOovTr-mQbhz3BJdltxskWkvMzbdzxKm5VsUxB8Ic1jgeqz_UjGmunNaBA2-gh04bIp60U60hL3tgdoyoSIPHqrRGIOiU6VBeJkBHiknu0MQp1RvLj3vYnmKQ7w8PiESa:1qISti:vrs9saLWuC911c37o0TnO8pLP2EbsoKSax3IyJ-aygc",
    "expire_date": "2023-07-23T11:48:14.729Z"
  }
},
{
  "model": "sessions.session",
  "pk": "ebyly9asglkpoek12t5g4263u8gae6bd",
  "fields": {
    "session_data": ".eJxVjU0OwiAQhe_C2jRTKCDd6UXIlJmmxIaaQhON8e5S04Uu39_3XsLjVia_ZV59JNELJ06_3oDhxmkPcJ53u8EQli2V5ts54txcquJUYsASl3Q9Vn-oCfNUOUFa6DTK1khqARU7CGOwoGiQTEhEoI0bwRo4y1Y5YmNBO0KptNGd3aGZc643nh_3uD5FD-8Pp19C6Q:1qKHu6:HmfbSAFqtrEbD66EegYJPPTA-LzKqFQouO5dqbu-h8Y",
    "expire_date": "2023-07-28T12:28:10.461Z"
  }
},
{
  "model": "sessions.session",
  "pk": "fhhj8n563u0bkkgc7cvslh5nann77adx",
  "fields": {
    "session_data": ".eJxVjEEOwiAQAP_C2RAoLM326N03EFioRQ0YaJMa498NSQ96nZnMm1m3rYvdWqw2BTYxzU6_zDu6x9xFuLl8LZxKXmvyvCf8sI1fSoiP89H-DRbXlr4NEgLCEEFJwtkMoDxKpYFQj2o0WsxGozTeGXAohBQUPNEwKwGg0Pdpi62lkm3cn6m-2CQ-X0N6Pe0:1qH43g:pykxrg0rzhA6Silanc7_o-Qvx8NQDLfdLTBCT16G4Vs",
    "expire_date": "2023-07-19T15:04:44.117Z"
  }
},
{
  "model": "sessions.session",
  "pk": "jpxw1hdom9hfqjodd7x2g07jkg8vvwut",
  "fields": {
    "session_data": "e30:1qHjsF:IxDxIVr3taRu4FQ04-1-mqx90qNUVx18T0cKOAu4law",
    "expire_date": "2023-07-21T11:43:43.276Z"
  }
},
{
  "model": "sessions.session",
  "pk": "lsny9vaxgpxacrzs87ku2gvpds8i2b7w",
  "fields": {
    "session_data": ".eJxVjMEOwiAQRP-FsyFQF2k9evcbyO6ytagBU9pEY_x326QHPc7Mm_dWAedpCHOVMaSojsru1e63JOSb5HWJV8yXornkaUykV0Rva9XnEuV-2tg_wYB1WN4NAUH00EHrPLP0jmzjOZoOREgQLTuIuCTnEBha61s0hx6Q2AqbVVql1lRykOcjjS91NJ8v3G9AJg:1qLNlD:7CGjrYeeHuSIUPq99hshazLDXOv6GlB4fvRMKLUyu0I",
    "expire_date": "2023-07-31T12:55:31.428Z"
  }
},
{
  "model": "sessions.session",
  "pk": "mne7g138yl10p2vq7wu2bd3qld8udvb6",
  "fields": {
    "session_data": "e30:1qI4rw:qLl_C0u68dIVJHdwhbGG9g88QKbI-XJogaRYLxs68Vw",
    "expire_date": "2023-07-22T10:08:48.494Z"
  }
},
{
  "model": "sessions.session",
  "pk": "q7ei8mcn9odyxgxyzymqgu33d9naiige",
  "fields": {
    "session_data": "e30:1qHj49:TnWnnT8j-QMOpLa3x7KOwyRkbsOSTPOBCV1gQy--PK8",
    "expire_date": "2023-07-21T10:51:57.217Z"
  }
},
{
  "model": "sessions.session",
  "pk": "qr25wavor9j7hzkye2l7sfsbzo636ha9",
  "fields": {
    "session_data": "e30:1qH3Tz:ixLGgHRKoKBY6Eo_jTvU7m5g9gEjuyoSf3byxhoK6Gg",
    "expire_date": "2023-07-19T14:27:51.734Z"
  }
},
{
  "model": "sessions.session",
  "pk": "qxi1lo1d13hdi2vd6j6a26spzuhhc098",
  "fields": {
    "session_data": "e30:1qHjkr:Ej2qP0kH6tl3S62LiXYwN5sEWt4iJ1CqHqY3oJrILok",
    "expire_date": "2023-07-21T11:36:05.407Z"
  }
},
{
  "model": "sessions.session",
  "pk": "r6cqb6aip5iizcbxgm7s1j0bwaybzokg",
  "fields": {
    "session_data": "e30:1qHQ1Z:NA11BF_bOn4VBN1_ttaU50n6mS6oFRW-2iK4Jf50LVk",
    "expire_date": "2023-07-20T14:32:01.286Z"
  }
},
{
  "model": "sessions.session",
  "pk": "ryrwd9sbax27z4996x3hrmrsxmyg24di",
  "fields": {
    "session_data": ".eJxVjEEOwiAQRe_C2pAOQwVcuvcMZBhGqRpISrsy3l2bdKHb_977LxVpXUpcu8xxyuqkQB1-t0T8kLqBfKd6a5pbXeYp6U3RO-360rI8z7v7d1Col2_tsmEBbxExkBgYIB_xiuzAM1gYXaIgA5NNKRkUz2MQBvBAJB4F1fsD1p036A:1qFxVM:DnL9k9Oh61HlLtIz93TlCJ9vVG-S1I4jqLIQbPgkWjM",
    "expire_date": "2023-07-16T13:52:44.521Z"
  }
},
{
  "model": "sessions.session",
  "pk": "th66peqwcozyl5ajtil9mamsq32nrlke",
  "fields": {
    "session_data": "e30:1qHjno:pOkfWk4hqgVlpl1sDE804w6wBJhLlOSvU8cRSSAf1GM",
    "expire_date": "2023-07-21T11:39:08.845Z"
  }
},
{
  "model": "sessions.session",
  "pk": "v4lu5rw1ctvr3z7s05lfjiwhxb176yke",
  "fields": {
    "session_data": "e30:1qH43T:M5DzWpAk68lNjlKsQvTnMJ54kQK2USzSMvkfOGfAK5A",
    "expire_date": "2023-07-19T15:04:31.688Z"
  }
},
{
  "model": "sessions.session",
  "pk": "vlqqy77qlnsfjivfof9nvojajzehvogw",
  "fields": {
    "session_data": "e30:1qHPRw:9eZ7dJZFLiCwB4vIpFXHSNgb38noVpn0unb1yESEUB8",
    "expire_date": "2023-07-20T13:55:12.941Z"
  }
},
{
  "model": "sessions.session",
  "pk": "wjudbsmn78w9c5i3s1vgwl8qf247p1rt",
  "fields": {
    "session_data": "e30:1qHhEO:xhGX5NkIN24p___-rbQn5OAqu5pw16vjzLd7Sgk9Gcg",
    "expire_date": "2023-07-21T08:54:24.560Z"
  }
},
{
  "model": "sessions.session",
  "pk": "y7sri2nlq02o8789v87f0w16tmsas689",
  "fields": {
    "session_data": ".eJxVjU0OwiAQhe_C2jRQB2m7sxchwzBNiQ01BRKN8e5S04Uu39_3XsJiybMtiTcbvBiEOovTr-mQbhz3BJdltxskWkvMzbdzxKm5VsUxB8Ic1jgeqz_UjGmunNaBA2-gh04bIp60U60hL3tgdoyoSIPHqrRGIOiU6VBeJkBHiknu0MQp1RvLj3vYnmKQ7w8PiESa:1qJyUl:TmsWhVlUB-G_7aws9ukUt9h4GTFzrQEHkRssb-BQhB4",
    "expire_date": "2023-07-27T15:44:43.919Z"
  }
},
{
  "model": "sessions.session",
  "pk": "yp1z0cd0aim19myhy4snwydz68xgamub",
  "fields": {
    "session_data": "e30:1qH3RC:fHBUid0eSA-V8vtlkBlF0xy9tDLgZccUkx-hzPMjP7w",
    "expire_date": "2023-07-19T14:24:58.784Z"
  }
},
{
  "model": "account.emailaddress",
  "pk": 4,
  "fields": {
    "user": 12,
    "email": "akzhan.berdeyev@gmail.com",
    "verified": true,
    "primary": true
  }
},
{
  "model": "socialaccount.socialapp",
  "pk": 1,
  "fields": {
    "provider": "google",
    "name": "bookMe",
    "client_id": "241595962976-bktas1b24knip3rgbu1816ohpsr0k06s.apps.googleusercontent.com",
    "secret": "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",
    "key": ""
  }
},
{
  "model": "socialaccount.socialaccount",
  "pk": 2,
  "fields": {
    "user": 12,
    "provider": "google",
    "uid": "108418421679943091876",
    "last_login": "2023-07-19T08:27:20.748Z",
    "date_joined": "2023-07-08T10:12:35.666Z",
    "extra_data": "{\"iss\": \"https://accounts.google.com\", \"azp\": \"241595962976-bktas1b24knip3rgbu1816ohpsr0k06s.apps.googleusercontent.com\", \"aud\": \"241595962976-bktas1b24knip3rgbu1816ohpsr0k06s.apps.googleusercontent.com\", \"sub\": \"108418421679943091876\", \"email\": \"akzhan.berdeyev@gmail.com\", \"email_verified\": true, \"at_hash\": \"E7omUzDlAdAZBJCmyl-0iA\", \"name\": \"Akzhan Berdeyev\", \"picture\": \"https://lh3.googleusercontent.com/a/AAcHTtfVJzazrol1nO_xggqYQJPExFEUnwYw8uLvdCur8cK0tTo=s96-c\", \"given_name\": \"Akzhan\", \"family_name\": \"Berdeyev\", \"locale\": \"ru\", \"iat\": 1689755239, \"exp\": 1689758839}"
  }
},
{
  "model": "authtoken.token",
  "pk": "fb1e6fc7bba5966f83534d9309eb253f69659cab",
  "fields": {
    "user": 13,
    "created": "2023-07-18T09:31:46.245Z"
  }
},
{
  "model": "calender.calenderslot",
  "pk": 8,
  "fields": {
    "belongs_to": 19,
    "created_at": "2023-07-16T13:27:41.533Z",
    "start_time": "2023-07-17T09:00:00Z",
    "end_time": "2023-07-17T10:00:00Z"
  }
},
{
  "model": "calender.calenderslot",
  "pk": 11,
  "fields": {
    "belongs_to": 19,
    "created_at": "2023-07-16T13:29:20.792Z",
    "start_time": "2023-07-17T09:00:00Z",
    "end_time": "2023-07-17T10:00:00Z"
  }
},
{
  "model": "calender.calenderslot",
  "pk": 13,
  "fields": {
    "belongs_to": 19,
    "created_at": "2023-07-16T13:37:16.992Z",
    "start_time": "2023-07-17T09:00:00Z",
    "end_time": "2023-07-17T10:00:00Z"
  }
},
{
  "model": "calender.calenderslot",
  "pk": 14,
  "fields": {
    "belongs_to": 19,
    "created_at": "2023-07-16T13:37:17.013Z",
    "start_time": "2023-07-17T10:00:00Z",
    "end_time": "2023-07-17T11:00:00Z"
  }
},
{
  "model": "calender.calenderslot",
  "pk": 15,
  "fields": {
    "belongs_to": 19,
    "created_at": "2023-07-16T13:37:17.021Z",
    "start_time": "2023-07-17T11:00:00Z",
    "end_time": "2023-07-17T12:00:00Z"
  }
},
{
  "model": "calender.calenderslot",
  "pk": 16,
  "fields": {
    "belongs_to": 19,
    "created_at": "2023-07-16T13:37:17.029Z",
    "start_time": "2023-07-17T12:00:00Z",
    "end_time": "2023-07-17T13:00:00Z"
  }
},
{
  "model": "calender.calenderslot",
  "pk": 17,
  "fields": {
    "belongs_to": 19,
    "created_at": "2023-07-16T13:37:17.037Z",
    "start_time": "2023-07-17T13:00:00Z",
    "end_time": "2023-07-17T14:00:00Z"
  }
},
{
  "model": "calender.calenderslot",
  "pk": 18,
  "fields": {
    "belongs_to": 19,
    "created_at": "2023-07-16T13:37:17.045Z",
    "start_time": "2023-07-17T14:00:00Z",
    "end_time": "2023-07-17T15:00:00Z"
  }
},
{
  "model": "calender.calenderslot",
  "pk": 19,
  "fields": {
    "belongs_to": 19,
    "created_at": "2023-07-16T13:37:17.055Z",
    "start_time": "2023-07-17T15:00:00Z",
    "end_time": "2023-07-17T16:00:00Z"
  }
},
{
  "model": "calender.calenderslot",
  "pk": 20,
  "fields": {
    "belongs_to": 19,
    "created_at": "2023-07-16T13:37:17.062Z",
    "start_time": "2023-07-17T16:00:00Z",
    "end_time": "2023-07-17T17:00:00Z"
  }
},
{
  "model": "calender.calenderslot",
  "pk": 21,
  "fields": {
    "belongs_to": 19,
    "created_at": "2023-07-16T13:37:17.071Z",
    "start_time": "2023-07-17T17:00:00Z",
    "end_time": "2023-07-17T18:00:00Z"
  }
},
{
  "model": "calender.calenderslot",
  "pk": 22,
  "fields": {
    "belongs_to": 19,
    "created_at": "2023-07-16T13:37:39.484Z",
    "start_time": "2023-07-17T20:00:00Z",
    "end_time": "2023-07-17T21:00:00Z"
  }
},
{
  "model": "calender.calenderslot",
  "pk": 23,
  "fields": {
    "belongs_to": 19,
    "created_at": "2023-07-16T13:37:39.500Z",
    "start_time": "2023-07-17T21:00:00Z",
    "end_time": "2023-07-17T22:00:00Z"
  }
},
{
  "model": "calender.calenderslot",
  "pk": 24,
  "fields": {
    "belongs_to": 19,
    "created_at": "2023-07-16T13:37:39.510Z",
    "start_time": "2023-07-17T22:00:00Z",
    "end_time": "2023-07-17T23:00:00Z"
  }
},
{
  "model": "calender.calenderslot",
  "pk": 25,
  "fields": {
    "belongs_to": 19,
    "created_at": "2023-07-16T14:33:50.755Z",
    "start_time": "2023-07-17T09:00:00Z",
    "end_time": "2023-07-17T10:00:00Z"
  }
},
{
  "model": "calender.calenderslot",
  "pk": 26,
  "fields": {
    "belongs_to": 19,
    "created_at": "2023-07-16T14:33:50.773Z",
    "start_time": "2023-07-17T10:00:00Z",
    "end_time": "2023-07-17T11:00:00Z"
  }
},
{
  "model": "calender.calenderslot",
  "pk": 27,
  "fields": {
    "belongs_to": 19,
    "created_at": "2023-07-16T14:33:50.786Z",
    "start_time": "2023-07-17T11:00:00Z",
    "end_time": "2023-07-17T12:00:00Z"
  }
},
{
  "model": "calender.calenderslot",
  "pk": 28,
  "fields": {
    "belongs_to": 19,
    "created_at": "2023-07-16T14:33:50.798Z",
    "start_time": "2023-07-17T12:00:00Z",
    "end_time": "2023-07-17T13:00:00Z"
  }
},
{
  "model": "calender.calenderslot",
  "pk": 29,
  "fields": {
    "belongs_to": 19,
    "created_at": "2023-07-16T14:33:50.806Z",
    "start_time": "2023-07-17T13:00:00Z",
    "end_time": "2023-07-17T14:00:00Z"
  }
},
{
  "model": "calender.calenderslot",
  "pk": 30,
  "fields": {
    "belongs_to": 19,
    "created_at": "2023-07-16T14:33:50.815Z",
    "start_time": "2023-07-17T14:00:00Z",
    "end_time": "2023-07-17T15:00:00Z"
  }
},
{
  "model": "calender.calenderslot",
  "pk": 31,
  "fields": {
    "belongs_to": 19,
    "created_at": "2023-07-16T14:33:50.824Z",
    "start_time": "2023-07-17T15:00:00Z",
    "end_time": "2023-07-17T16:00:00Z"
  }
},
{
  "model": "calender.calenderslot",
  "pk": 32,
  "fields": {
    "belongs_to": 19,
    "created_at": "2023-07-16T14:33:50.831Z",
    "start_time": "2023-07-17T16:00:00Z",
    "end_time": "2023-07-17T17:00:00Z"
  }
},
{
  "model": "calender.calenderslot",
  "pk": 33,
  "fields": {
    "belongs_to": 19,
    "created_at": "2023-07-16T14:33:50.840Z",
    "start_time": "2023-07-17T17:00:00Z",
    "end_time": "2023-07-17T18:00:00Z"
  }
},
{
  "model": "calender.calenderslot",
  "pk": 34,
  "fields": {
    "belongs_to": 19,
    "created_at": "2023-07-16T14:33:50.849Z",
    "start_time": "2023-07-17T18:00:00Z",
    "end_time": "2023-07-17T19:00:00Z"
  }
},
{
  "model": "calender.calenderslot",
  "pk": 35,
  "fields": {
    "belongs_to": 19,
    "created_at": "2023-07-16T14:33:50.856Z",
    "start_time": "2023-07-17T19:00:00Z",
    "end_time": "2023-07-17T20:00:00Z"
  }
},
{
  "model": "calender.calenderslot",
  "pk": 36,
  "fields": {
    "belongs_to": 19,
    "created_at": "2023-07-17T12:57:27.604Z",
    "start_time": "2023-07-20T09:00:00Z",
    "end_time": "2023-07-20T10:00:00Z"
  }
},
{
  "model": "calender.calenderslot",
  "pk": 45,
  "fields": {
    "belongs_to": 13,
    "created_at": "2023-07-18T11:14:29.476Z",
    "start_time": "2023-07-20T14:00:00Z",
    "end_time": "2023-07-20T15:00:00Z"
  }
},
{
  "model": "calender.calenderslot",
  "pk": 46,
  "fields": {
    "belongs_to": 13,
    "created_at": "2023-07-18T11:14:47.889Z",
    "start_time": "2023-07-20T14:00:00Z",
    "end_time": "2023-07-20T15:00:00Z"
  }
},
{
  "model": "calender.calenderslot",
  "pk": 47,
  "fields": {
    "belongs_to": 13,
    "created_at": "2023-07-18T11:15:29.134Z",
    "start_time": "2023-07-20T14:00:00Z",
    "end_time": "2023-07-20T15:00:00Z"
  }
},
{
  "model": "calender.calenderslot",
  "pk": 48,
  "fields": {
    "belongs_to": 13,
    "created_at": "2023-07-18T11:15:46.201Z",
    "start_time": "2023-07-20T14:00:00Z",
    "end_time": "2023-07-20T15:00:00Z"
  }
},
{
  "model": "calender.calenderslot",
  "pk": 49,
  "fields": {
    "belongs_to": 13,
    "created_at": "2023-07-18T14:14:36.819Z",
    "start_time": "2023-07-20T15:00:00Z",
    "end_time": "2023-07-20T16:00:00Z"
  }
},
{
  "model": "calender.calenderslot",
  "pk": 50,
  "fields": {
    "belongs_to": 13,
    "created_at": "2023-07-18T14:14:46.591Z",
    "start_time": "2023-07-20T15:00:00Z",
    "end_time": "2023-07-20T16:00:00Z"
  }
},
{
  "model": "calender.calenderslot",
  "pk": 51,
  "fields": {
    "belongs_to": 13,
    "created_at": "2023-07-18T14:14:56.947Z",
    "start_time": "2023-07-20T15:00:00Z",
    "end_time": "2023-07-20T16:00:00Z"
  }
},
{
  "model": "calender.calenderslot",
  "pk": 52,
  "fields": {
    "belongs_to": 12,
    "created_at": "2023-07-18T14:52:12.459Z",
    "start_time": "2023-07-20T09:00:00Z",
    "end_time": "2023-07-20T10:00:00Z"
  }
},
{
  "model": "calender.calenderslot",
  "pk": 53,
  "fields": {
    "belongs_to": 12,
    "created_at": "2023-07-18T14:59:44.300Z",
    "start_time": "2023-07-20T10:00:00Z",
    "end_time": "2023-07-20T11:00:00Z"
  }
},
{
  "model": "calender.calenderslot",
  "pk": 54,
  "fields": {
    "belongs_to": 12,
    "created_at": "2023-07-18T15:15:08.544Z",
    "start_time": "2023-07-20T11:00:00Z",
    "end_time": "2023-07-20T12:00:00Z"
  }
},
{
  "model": "calender.calenderslot",
  "pk": 55,
  "fields": {
    "belongs_to": 12,
    "created_at": "2023-07-18T16:50:19.084Z",
    "start_time": "2023-07-20T12:00:00Z",
    "end_time": "2023-07-20T13:00:00Z"
  }
},
{
  "model": "calender.calenderslot",
  "pk": 56,
  "fields": {
    "belongs_to": 12,
    "created_at": "2023-07-18T17:02:31.905Z",
    "start_time": "2023-07-20T13:00:00Z",
    "end_time": "2023-07-20T14:00:00Z"
  }
},
{
  "model": "calender.calenderslot",
  "pk": 57,
  "fields": {
    "belongs_to": 12,
    "created_at": "2023-07-18T17:20:56.910Z",
    "start_time": "2023-07-20T14:00:00Z",
    "end_time": "2023-07-20T15:00:00Z"
  }
},
{
  "model": "calender.calenderslot",
  "pk": 58,
  "fields": {
    "belongs_to": 12,
    "created_at": "2023-07-18T17:25:59.034Z",
    "start_time": "2023-07-20T15:00:00Z",
    "end_time": "2023-07-20T16:00:00Z"
  }
},
{
  "model": "calender.calenderslot",
  "pk": 59,
  "fields": {
    "belongs_to": 12,
    "created_at": "2023-07-18T17:29:32.213Z",
    "start_time": "2023-07-20T16:00:00Z",
    "end_time": "2023-07-20T17:00:00Z"
  }
},
{
  "model": "calender.calenderslot",
  "pk": 60,
  "fields": {
    "belongs_to": 12,
    "created_at": "2023-07-18T17:32:45.945Z",
    "start_time": "2023-07-20T17:00:00Z",
    "end_time": "2023-07-20T18:00:00Z"
  }
},
{
  "model": "calender.calenderslot",
  "pk": 61,
  "fields": {
    "belongs_to": 12,
    "created_at": "2023-07-18T17:35:56.080Z",
    "start_time": "2023-07-20T18:00:00Z",
    "end_time": "2023-07-20T19:00:00Z"
  }
},
{
  "model": "calender.calenderslot",
  "pk": 62,
  "fields": {
    "belongs_to": 12,
    "created_at": "2023-07-18T17:37:41.383Z",
    "start_time": "2023-07-20T19:00:00Z",
    "end_time": "2023-07-20T20:00:00Z"
  }
},
{
  "model": "calender.calenderslot",
  "pk": 63,
  "fields": {
    "belongs_to": 12,
    "created_at": "2023-07-18T17:51:37.682Z",
    "start_time": "2023-07-20T19:00:00Z",
    "end_time": "2023-07-20T20:00:00Z"
  }
},
{
  "model": "calender.calenderslot",
  "pk": 64,
  "fields": {
    "belongs_to": 12,
    "created_at": "2023-07-19T07:29:47.990Z",
    "start_time": "2023-07-21T07:00:00Z",
    "end_time": "2023-07-21T08:00:00Z"
  }
},
{
  "model": "calender.calenderslot",
  "pk": 65,
  "fields": {
    "belongs_to": 12,
    "created_at": "2023-07-19T07:31:45.625Z",
    "start_time": "2023-07-21T08:00:00Z",
    "end_time": "2023-07-21T09:00:00Z"
  }
},
{
  "model": "calender.calenderslot",
  "pk": 66,
  "fields": {
    "belongs_to": 12,
    "created_at": "2023-07-19T07:34:32.748Z",
    "start_time": "2023-07-21T09:00:00Z",
    "end_time": "2023-07-21T10:00:00Z"
  }
},
{
  "model": "calender.calenderslot",
  "pk": 67,
  "fields": {
    "belongs_to": 12,
    "created_at": "2023-07-19T07:40:18.662Z",
    "start_time": "2023-07-21T10:00:00Z",
    "end_time": "2023-07-21T11:00:00Z"
  }
},
{
  "model": "calender.calenderslot",
  "pk": 68,
  "fields": {
    "belongs_to": 12,
    "created_at": "2023-07-19T07:42:07.312Z",
    "start_time": "2023-07-21T11:00:00Z",
    "end_time": "2023-07-21T12:00:00Z"
  }
},
{
  "model": "calender.calenderslot",
  "pk": 69,
  "fields": {
    "belongs_to": 12,
    "created_at": "2023-07-19T07:43:33.663Z",
    "start_time": "2023-07-21T13:00:00Z",
    "end_time": "2023-07-21T14:00:00Z"
  }
},
{
  "model": "calender.calenderslot",
  "pk": 70,
  "fields": {
    "belongs_to": 12,
    "created_at": "2023-07-19T07:48:41.087Z",
    "start_time": "2023-07-21T15:00:00Z",
    "end_time": "2023-07-21T16:00:00Z"
  }
},
{
  "model": "calender.calenderslot",
  "pk": 71,
  "fields": {
    "belongs_to": 12,
    "created_at": "2023-07-19T07:50:40.759Z",
    "start_time": "2023-07-21T16:00:00Z",
    "end_time": "2023-07-21T17:00:00Z"
  }
},
{
  "model": "calender.calenderslot",
  "pk": 72,
  "fields": {
    "belongs_to": 12,
    "created_at": "2023-07-19T07:56:37.979Z",
    "start_time": "2023-07-21T17:00:00Z",
    "end_time": "2023-07-21T18:00:00Z"
  }
},
{
  "model": "calender.calenderslot",
  "pk": 73,
  "fields": {
    "belongs_to": 12,
    "created_at": "2023-07-19T08:08:41.570Z",
    "start_time": "2023-07-21T20:00:00Z",
    "end_time": "2023-07-21T21:00:00Z"
  }
},
{
  "model": "calender.calenderslot",
  "pk": 74,
  "fields": {
    "belongs_to": 12,
    "created_at": "2023-07-19T08:13:31.784Z",
    "start_time": "2023-07-21T20:00:00Z",
    "end_time": "2023-07-21T21:00:00Z"
  }
},
{
  "model": "calender.calenderslot",
  "pk": 75,
  "fields": {
    "belongs_to": 12,
    "created_at": "2023-07-19T08:17:01.449Z",
    "start_time": "2023-07-21T22:00:00Z",
    "end_time": "2023-07-21T23:00:00Z"
  }
},
{
  "model": "calender.calenderslot",
  "pk": 76,
  "fields": {
    "belongs_to": 12,
    "created_at": "2023-07-19T08:17:22.980Z",
    "start_time": "2023-07-21T22:00:00Z",
    "end_time": "2023-07-21T23:00:00Z"
  }
},
{
  "model": "calender.calenderslot",
  "pk": 77,
  "fields": {
    "belongs_to": 12,
    "created_at": "2023-07-19T08:17:24.434Z",
    "start_time": "2023-07-21T22:00:00Z",
    "end_time": "2023-07-21T23:00:00Z"
  }
},
{
  "model": "calender.calenderslot",
  "pk": 78,
  "fields": {
    "belongs_to": 12,
    "created_at": "2023-07-19T08:17:33.087Z",
    "start_time": "2023-07-21T22:00:00Z",
    "end_time": "2023-07-21T23:00:00Z"
  }
},
{
  "model": "calender.calenderslot",
  "pk": 79,
  "fields": {
    "belongs_to": 12,
    "created_at": "2023-07-19T08:17:34.532Z",
    "start_time": "2023-07-21T22:00:00Z",
    "end_time": "2023-07-21T23:00:00Z"
  }
},
{
  "model": "calender.calenderslot",
  "pk": 80,
  "fields": {
    "belongs_to": 12,
    "created_at": "2023-07-19T08:17:51.015Z",
    "start_time": "2023-07-21T22:00:00Z",
    "end_time": "2023-07-21T23:00:00Z"
  }
},
{
  "model": "calender.calenderslot",
  "pk": 81,
  "fields": {
    "belongs_to": 12,
    "created_at": "2023-07-19T08:17:56.702Z",
    "start_time": "2023-07-21T22:00:00Z",
    "end_time": "2023-07-21T23:00:00Z"
  }
},
{
  "model": "calender.calenderslot",
  "pk": 82,
  "fields": {
    "belongs_to": 12,
    "created_at": "2023-07-19T08:18:00.476Z",
    "start_time": "2023-07-21T22:00:00Z",
    "end_time": "2023-07-21T23:00:00Z"
  }
},
{
  "model": "calender.calenderslot",
  "pk": 83,
  "fields": {
    "belongs_to": 12,
    "created_at": "2023-07-19T08:18:19.074Z",
    "start_time": "2023-07-21T22:00:00Z",
    "end_time": "2023-07-21T23:00:00Z"
  }
},
{
  "model": "calender.calenderslot",
  "pk": 84,
  "fields": {
    "belongs_to": 12,
    "created_at": "2023-07-19T08:20:31.469Z",
    "start_time": "2023-07-21T22:00:00Z",
    "end_time": "2023-07-21T23:00:00Z"
  }
},
{
  "model": "calender.calenderslot",
  "pk": 85,
  "fields": {
    "belongs_to": 12,
    "created_at": "2023-07-19T08:20:50.471Z",
    "start_time": "2023-07-21T21:00:00Z",
    "end_time": "2023-07-21T22:00:00Z"
  }
},
{
  "model": "calender.calenderslot",
  "pk": 86,
  "fields": {
    "belongs_to": 12,
    "created_at": "2023-07-19T08:21:53.549Z",
    "start_time": "2023-07-21T22:00:00Z",
    "end_time": "2023-07-21T23:00:00Z"
  }
},
{
  "model": "calender.calenderslot",
  "pk": 87,
  "fields": {
    "belongs_to": 13,
    "created_at": "2023-07-19T08:24:47.661Z",
    "start_time": "2023-07-21T22:00:00Z",
    "end_time": "2023-07-21T23:00:00Z"
  }
},
{
  "model": "calender.calenderslot",
  "pk": 88,
  "fields": {
    "belongs_to": 12,
    "created_at": "2023-07-19T08:27:43.298Z",
    "start_time": "2023-07-21T22:00:00Z",
    "end_time": "2023-07-21T23:00:00Z"
  }
},
{
  "model": "calender.calenderslot",
  "pk": 89,
  "fields": {
    "belongs_to": 12,
    "created_at": "2023-07-19T08:28:42.066Z",
    "start_time": "2023-07-21T22:00:00Z",
    "end_time": "2023-07-21T23:00:00Z"
  }
},
{
  "model": "calender.calenderslot",
  "pk": 90,
  "fields": {
    "belongs_to": 12,
    "created_at": "2023-07-19T08:34:36.220Z",
    "start_time": "2023-07-21T23:00:00Z",
    "end_time": "2023-07-22T00:00:00Z"
  }
},
{
  "model": "calender.calenderslot",
  "pk": 91,
  "fields": {
    "belongs_to": 12,
    "created_at": "2023-07-19T08:34:54.616Z",
    "start_time": "2023-07-21T23:00:00Z",
    "end_time": "2023-07-22T00:00:00Z"
  }
},
{
  "model": "calender.calenderslot",
  "pk": 92,
  "fields": {
    "belongs_to": 12,
    "created_at": "2023-07-19T08:46:40.428Z",
    "start_time": "2023-07-22T06:00:00Z",
    "end_time": "2023-07-22T07:00:00Z"
  }
},
{
  "model": "calender.calenderslot",
  "pk": 93,
  "fields": {
    "belongs_to": 12,
    "created_at": "2023-07-19T08:46:56.994Z",
    "start_time": "2023-07-22T06:00:00Z",
    "end_time": "2023-07-22T07:00:00Z"
  }
},
{
  "model": "calender.calenderslot",
  "pk": 94,
  "fields": {
    "belongs_to": 12,
    "created_at": "2023-07-19T08:46:57.958Z",
    "start_time": "2023-07-22T06:00:00Z",
    "end_time": "2023-07-22T07:00:00Z"
  }
},
{
  "model": "calender.calenderslot",
  "pk": 95,
  "fields": {
    "belongs_to": 12,
    "created_at": "2023-07-19T08:47:02.094Z",
    "start_time": "2023-07-22T06:00:00Z",
    "end_time": "2023-07-22T07:00:00Z"
  }
},
{
  "model": "calender.calenderslot",
  "pk": 96,
  "fields": {
    "belongs_to": 12,
    "created_at": "2023-07-19T08:47:05.954Z",
    "start_time": "2023-07-22T06:00:00Z",
    "end_time": "2023-07-22T07:00:00Z"
  }
},
{
  "model": "calender.calenderslot",
  "pk": 97,
  "fields": {
    "belongs_to": 12,
    "created_at": "2023-07-19T08:47:09.817Z",
    "start_time": "2023-07-22T06:00:00Z",
    "end_time": "2023-07-22T07:00:00Z"
  }
},
{
  "model": "calender.calenderslot",
  "pk": 98,
  "fields": {
    "belongs_to": 12,
    "created_at": "2023-07-19T08:47:53.980Z",
    "start_time": "2023-07-22T06:00:00Z",
    "end_time": "2023-07-22T07:00:00Z"
  }
},
{
  "model": "calender.calenderslot",
  "pk": 99,
  "fields": {
    "belongs_to": 12,
    "created_at": "2023-07-19T08:48:45.070Z",
    "start_time": "2023-07-22T06:00:00Z",
    "end_time": "2023-07-22T07:00:00Z"
  }
},
{
  "model": "calender.calenderslot",
  "pk": 100,
  "fields": {
    "belongs_to": 12,
    "created_at": "2023-07-19T08:49:32.658Z",
    "start_time": "2023-07-22T06:00:00Z",
    "end_time": "2023-07-22T07:00:00Z"
  }
},
{
  "model": "calender.calenderslot",
  "pk": 101,
  "fields": {
    "belongs_to": 12,
    "created_at": "2023-07-19T08:49:36.354Z",
    "start_time": "2023-07-22T06:00:00Z",
    "end_time": "2023-07-22T07:00:00Z"
  }
},
{
  "model": "calender.calenderslot",
  "pk": 102,
  "fields": {
    "belongs_to": 12,
    "created_at": "2023-07-19T08:49:49.125Z",
    "start_time": "2023-07-22T06:00:00Z",
    "end_time": "2023-07-22T07:00:00Z"
  }
},
{
  "model": "calender.calenderslot",
  "pk": 103,
  "fields": {
    "belongs_to": 12,
    "created_at": "2023-07-19T08:50:07.036Z",
    "start_time": "2023-07-22T06:00:00Z",
    "end_time": "2023-07-22T07:00:00Z"
  }
},
{
  "model": "calender.calenderslot",
  "pk": 104,
  "fields": {
    "belongs_to": 12,
    "created_at": "2023-07-19T08:56:37.044Z",
    "start_time": "2023-07-22T07:00:00Z",
    "end_time": "2023-07-22T08:00:00Z"
  }
},
{
  "model": "calender.calenderslot",
  "pk": 105,
  "fields": {
    "belongs_to": 12,
    "created_at": "2023-07-19T09:16:11.135Z",
    "start_time": "2023-07-22T08:00:00Z",
    "end_time": "2023-07-22T09:00:00Z"
  }
},
{
  "model": "calender.calenderslot",
  "pk": 106,
  "fields": {
    "belongs_to": 12,
    "created_at": "2023-07-19T09:16:13.616Z",
    "start_time": "2023-07-22T08:00:00Z",
    "end_time": "2023-07-22T09:00:00Z"
  }
},
{
  "model": "calender.calenderslot",
  "pk": 107,
  "fields": {
    "belongs_to": 12,
    "created_at": "2023-07-19T09:16:14.353Z",
    "start_time": "2023-07-22T08:00:00Z",
    "end_time": "2023-07-22T09:00:00Z"
  }
},
{
  "model": "calender.calenderslot",
  "pk": 108,
  "fields": {
    "belongs_to": 12,
    "created_at": "2023-07-19T09:16:14.888Z",
    "start_time": "2023-07-22T08:00:00Z",
    "end_time": "2023-07-22T09:00:00Z"
  }
},
{
  "model": "calender.calenderslot",
  "pk": 109,
  "fields": {
    "belongs_to": 12,
    "created_at": "2023-07-19T09:16:15.378Z",
    "start_time": "2023-07-22T08:00:00Z",
    "end_time": "2023-07-22T09:00:00Z"
  }
},
{
  "model": "calender.calenderslot",
  "pk": 110,
  "fields": {
    "belongs_to": 12,
    "created_at": "2023-07-19T09:18:21.650Z",
    "start_time": "2023-07-22T09:00:00Z",
    "end_time": "2023-07-22T10:00:00Z"
  }
},
{
  "model": "calender.calenderslot",
  "pk": 111,
  "fields": {
    "belongs_to": 12,
    "created_at": "2023-07-19T09:20:01.516Z",
    "start_time": "2023-07-22T10:00:00Z",
    "end_time": "2023-07-22T11:00:00Z"
  }
},
{
  "model": "calender.calenderslot",
  "pk": 112,
  "fields": {
    "belongs_to": 12,
    "created_at": "2023-07-19T09:25:52.013Z",
    "start_time": "2023-07-22T12:00:00Z",
    "end_time": "2023-07-22T13:00:00Z"
  }
},
{
  "model": "calender.slotbooking",
  "pk": 10,
  "fields": {
    "slot": 48,
    "booked_by": 13,
    "booked_at": "2023-07-18T11:41:22.231Z",
    "description": "testing"
  }
},
{
  "model": "calender.slotbooking",
  "pk": 11,
  "fields": {
    "slot": 51,
    "booked_by": 13,
    "booked_at": "2023-07-18T14:23:17.132Z",
    "description": "meet Akzhan"
  }
},
{
  "model": "calender.slotbooking",
  "pk": 12,
  "fields": {
    "slot": 52,
    "booked_by": 14,
    "booked_at": "2023-07-18T15:03:17.089Z",
    "description": "Pakito books Akzhan"
  }
},
{
  "model": "calender.slotbooking",
  "pk": 13,
  "fields": {
    "slot": 53,
    "booked_by": 12,
    "booked_at": "2023-07-18T15:05:57.040Z",
    "description": "akzhan 2 akzhan"
  }
},
{
  "model": "calender.slotbooking",
  "pk": 14,
  "fields": {
    "slot": 54,
    "booked_by": 17,
    "booked_at": "2023-07-18T15:16:14.260Z",
    "description": "kelan"
  }
},
{
  "model": "calender.slotbooking",
  "pk": 15,
  "fields": {
    "slot": 55,
    "booked_by": 12,
    "booked_at": "2023-07-18T16:50:57.786Z",
    "description": "Akzhan to Akzhan"
  }
},
{
  "model": "calender.slotbooking",
  "pk": 16,
  "fields": {
    "slot": 56,
    "booked_by": 12,
    "booked_at": "2023-07-18T17:02:49.746Z",
    "description": "go_go"
  }
},
{
  "model": "calender.slotbooking",
  "pk": 17,
  "fields": {
    "slot": 57,
    "booked_by": 12,
    "booked_at": "2023-07-18T17:21:11.501Z",
    "description": "test"
  }
},
{
  "model": "calender.slotbooking",
  "pk": 18,
  "fields": {
    "slot": 58,
    "booked_by": 12,
    "booked_at": "2023-07-18T17:26:13.446Z",
    "description": "test go"
  }
},
{
  "model": "calender.slotbooking",
  "pk": 19,
  "fields": {
    "slot": 59,
    "booked_by": 12,
    "booked_at": "2023-07-18T17:30:05.651Z",
    "description": "123"
  }
},
{
  "model": "calender.slotbooking",
  "pk": 20,
  "fields": {
    "slot": 60,
    "booked_by": 12,
    "booked_at": "2023-07-18T17:33:00.842Z",
    "description": "let's do this"
  }
},
{
  "model": "calender.slotbooking",
  "pk": 21,
  "fields": {
    "slot": 61,
    "booked_by": 12,
    "booked_at": "2023-07-18T17:36:13.683Z",
    "description": "busy living"
  }
},
{
  "model": "calender.slotbooking",
  "pk": 22,
  "fields": {
    "slot": 62,
    "booked_by": 12,
    "booked_at": "2023-07-18T17:37:59.470Z",
    "description": "hi"
  }
},
{
  "model": "calender.slotbooking",
  "pk": 23,
  "fields": {
    "slot": 63,
    "booked_by": 12,
    "booked_at": "2023-07-18T17:51:59.039Z",
    "description": "Hello World"
  }
},
{
  "model": "calender.slotbooking",
  "pk": 24,
  "fields": {
    "slot": 64,
    "booked_by": 12,
    "booked_at": "2023-07-19T07:30:02.543Z",
    "description": "test"
  }
},
{
  "model": "calender.slotbooking",
  "pk": 25,
  "fields": {
    "slot": 65,
    "booked_by": 12,
    "booked_at": "2023-07-19T07:32:08.118Z",
    "description": "1-1"
  }
},
{
  "model": "calender.slotbooking",
  "pk": 26,
  "fields": {
    "slot": 66,
    "booked_by": 12,
    "booked_at": "2023-07-19T07:34:46.719Z",
    "description": "1-1"
  }
},
{
  "model": "calender.slotbooking",
  "pk": 27,
  "fields": {
    "slot": 67,
    "booked_by": 12,
    "booked_at": "2023-07-19T07:40:31.780Z",
    "description": "1-1"
  }
},
{
  "model": "calender.slotbooking",
  "pk": 28,
  "fields": {
    "slot": 68,
    "booked_by": 12,
    "booked_at": "2023-07-19T07:42:21.093Z",
    "description": "1-1"
  }
},
{
  "model": "calender.slotbooking",
  "pk": 29,
  "fields": {
    "slot": 69,
    "booked_by": 12,
    "booked_at": "2023-07-19T07:43:47.285Z",
    "description": "1-1"
  }
},
{
  "model": "calender.slotbooking",
  "pk": 30,
  "fields": {
    "slot": 70,
    "booked_by": 12,
    "booked_at": "2023-07-19T07:48:51.966Z",
    "description": "1-1"
  }
},
{
  "model": "calender.slotbooking",
  "pk": 31,
  "fields": {
    "slot": 71,
    "booked_by": 12,
    "booked_at": "2023-07-19T07:50:54.203Z",
    "description": "1-1"
  }
},
{
  "model": "calender.slotbooking",
  "pk": 32,
  "fields": {
    "slot": 89,
    "booked_by": 12,
    "booked_at": "2023-07-19T08:31:13.725Z",
    "description": "1-1"
  }
},
{
  "model": "calender.slotbooking",
  "pk": 33,
  "fields": {
    "slot": 91,
    "booked_by": 12,
    "booked_at": "2023-07-19T08:36:45.603Z",
    "description": "1-1"
  }
},
{
  "model": "calender.slotbooking",
  "pk": 34,
  "fields": {
    "slot": 90,
    "booked_by": 12,
    "booked_at": "2023-07-19T08:44:45.105Z",
    "description": "1-1"
  }
},
{
  "model": "calender.slotbooking",
  "pk": 35,
  "fields": {
    "slot": 103,
    "booked_by": 12,
    "booked_at": "2023-07-19T08:53:44.785Z",
    "description": "1-1"
  }
},
{
  "model": "calender.slotbooking",
  "pk": 36,
  "fields": {
    "slot": 104,
    "booked_by": 12,
    "booked_at": "2023-07-19T08:58:51.382Z",
    "description": "1-1"
  }
},
{
  "model": "calender.slotbooking",
  "pk": 37,
  "fields": {
    "slot": 109,
    "booked_by": 12,
    "booked_at": "2023-07-19T09:16:47.694Z",
    "description": "1-1"
  }
},
{
  "model": "calender.slotbooking",
  "pk": 38,
  "fields": {
    "slot": 110,
    "booked_by": 12,
    "booked_at": "2023-07-19T09:19:09.216Z",
    "description": "1-1"
  }
},
{
  "model": "calender.slotbooking",
  "pk": 39,
  "fields": {
    "slot": 111,
    "booked_by": 12,
    "booked_at": "2023-07-19T09:20:19.469Z",
    "description": "1-1"
  }
},
{
  "model": "calender.slotbooking",
  "pk": 40,
  "fields": {
    "slot": 112,
    "booked_by": 12,
    "booked_at": "2023-07-19T09:26:23.538Z",
    "description": "1-1"
  }
},
{
  "model": "calender.slotbooking",
  "pk": 41,
  "fields": {
    "slot": 108,
    "booked_by": 12,
    "booked_at": "2023-07-19T09:46:31.469Z",
    "description": "1-1"
  }
},
{
  "model": "calender.slotbooking",
  "pk": 42,
  "fields": {
    "slot": 107,
    "booked_by": 12,
    "booked_at": "2023-07-19T09:49:24.563Z",
    "description": "1-1"
  }
},
{
  "model": "calender.slotbooking",
  "pk": 43,
  "fields": {
    "slot": 106,
    "booked_by": 12,
    "booked_at": "2023-07-19T09:50:46.779Z",
    "description": "1-1"
  }
},
{
  "model": "calender.slotbooking",
  "pk": 44,
  "fields": {
    "slot": 105,
    "booked_by": 12,
    "booked_at": "2023-07-19T09:53:58.438Z",
    "description": "1-1"
  }
},
{
  "model": "calender.slotbooking",
  "pk": 45,
  "fields": {
    "slot": 102,
    "booked_by": 12,
    "booked_at": "2023-07-19T09:55:24.289Z",
    "description": "1-1"
  }
},
{
  "model": "calender.slotbooking",
  "pk": 46,
  "fields": {
    "slot": 101,
    "booked_by": 12,
    "booked_at": "2023-07-19T09:56:34.885Z",
    "description": "1-1"
  }
},
{
  "model": "calender.slotbooking",
  "pk": 47,
  "fields": {
    "slot": 100,
    "booked_by": 12,
    "booked_at": "2023-07-19T10:02:05.871Z",
    "description": "1-1"
  }
},
{
  "model": "calender.slotbooking",
  "pk": 48,
  "fields": {
    "slot": 99,
    "booked_by": 12,
    "booked_at": "2023-07-19T10:04:58.061Z",
    "description": "1-1"
  }
},
{
  "model": "calender.slotbooking",
  "pk": 49,
  "fields": {
    "slot": 98,
    "booked_by": 12,
    "booked_at": "2023-07-19T10:13:42.119Z",
    "description": "1-1"
  }
},
{
  "model": "calender.slotbooking",
  "pk": 50,
  "fields": {
    "slot": 97,
    "booked_by": 12,
    "booked_at": "2023-07-19T10:55:03.443Z",
    "description": "1-1"
  }
},
{
  "model": "user.profile",
  "pk": 6,
  "fields": {
    "user": 9,
    "first_name": "aki",
    "last_name": "berdi",
    "avatar": "default.jpg",
    "bio": "Here's an official Aki's profile"
  }
},
{
  "model": "user.profile",
  "pk": 8,
  "fields": {
    "user": 11,
    "first_name": "",
    "last_name": "",
    "avatar": "default.jpg",
    "bio": "bio"
  }
},
{
  "model": "user.profile",
  "pk": 9,
  "fields": {
    "user": 12,
    "first_name": "",
    "last_name": "",
    "avatar": "default.jpg",
    "bio": ""
  }
},
{
  "model": "user.profile",
  "pk": 10,
  "fields": {
    "user": 13,
    "first_name": "Akzhan",
    "last_name": "Berdeyev",
    "avatar": "profile_images/5349263_ZaFdQ94.png",
    "bio": "This is the admin bio"
  }
},
{
  "model": "user.profile",
  "pk": 11,
  "fields": {
    "user": 14,
    "first_name": "Pavel",
    "last_name": "Voila",
    "avatar": "default.jpg",
    "bio": "Pavel's bio is uncomprehendable, probably caused to broken state of mind, and despite the many books written specifically for those who like him it's not fixable, isn't dope ?"
  }
},
{
  "model": "user.profile",
  "pk": 12,
  "fields": {
    "user": 15,
    "first_name": "",
    "last_name": "",
    "avatar": "default.jpg",
    "bio": ""
  }
},
{
  "model": "user.profile",
  "pk": 13,
  "fields": {
    "user": 16,
    "first_name": "",
    "last_name": "",
    "avatar": "default.jpg",
    "bio": ""
  }
},
{
  "model": "user.profile",
  "pk": 14,
  "fields": {
    "user": 17,
    "first_name": "",
    "last_name": "",
    "avatar": "default.jpg",
    "bio": ""
  }
},
{
  "model": "user.profile",
  "pk": 15,
  "fields": {
    "user": 18,
    "first_name": "adam",
    "last_name": "nemizov",
    "avatar": "profile_images/4708652.png",
    "bio": "My Bio"
  }
},
{
  "model": "user.profile",
  "pk": 16,
  "fields": {
    "user": 19,
    "first_name": "",
    "last_name": "",
    "avatar": "default.jpg",
    "bio": ""
  }
},
{
  "model": "articles.article",
  "pk": 11,
  "fields": {
    "title": "Third Article !",
    "author": 9,
    "body": "Hello Hello",
    "is_deleted": false,
    "created_at": "2023-07-11T07:45:03.185Z",
    "updated_at": "2023-07-16T20:01:08.479Z",
    "tags": []
  }
},
{
  "model": "articles.article",
  "pk": 13,
  "fields": {
    "title": "First Article!",
    "author": 13,
    "body": "My first article",
    "is_deleted": true,
    "created_at": "2023-07-11T09:43:55.750Z",
    "updated_at": "2023-07-11T10:11:29.380Z",
    "tags": []
  }
},
{
  "model": "articles.article",
  "pk": 14,
  "fields": {
    "title": "Second Article!",
    "author": 13,
    "body": "This is the second article everrr!",
    "is_deleted": true,
    "created_at": "2023-07-11T09:44:29.036Z",
    "updated_at": "2023-07-16T08:38:40.839Z",
    "tags": []
  }
},
{
  "model": "articles.article",
  "pk": 15,
  "fields": {
    "title": "Fourth Article is dope !",
    "author": 13,
    "body": "Fourth article body",
    "is_deleted": true,
    "created_at": "2023-07-12T13:00:01.240Z",
    "updated_at": "2023-07-12T14:02:40.154Z",
    "tags": []
  }
},
{
  "model": "articles.article",
  "pk": 16,
  "fields": {
    "title": "pseudo_first_article",
    "author": 14,
    "body": "The body",
    "is_deleted": false,
    "created_at": "2023-07-12T14:05:03.195Z",
    "updated_at": "2023-07-12T14:05:03.195Z",
    "tags": []
  }
},
{
  "model": "articles.article",
  "pk": 17,
  "fields": {
    "title": "Pakito's article",
    "author": 14,
    "body": "God damn , she looks good. Can we have some together time ?",
    "is_deleted": true,
    "created_at": "2023-07-12T15:54:06.159Z",
    "updated_at": "2023-07-16T08:38:33.059Z",
    "tags": []
  }
},
{
  "model": "articles.article",
  "pk": 18,
  "fields": {
    "title": "First Aki's Article",
    "author": 9,
    "body": "Aki's awesome, sometime he just forgets about it",
    "is_deleted": false,
    "created_at": "2023-07-14T12:29:18.078Z",
    "updated_at": "2023-07-14T12:29:18.078Z",
    "tags": []
  }
},
{
  "model": "articles.article",
  "pk": 19,
  "fields": {
    "title": "Fifth avenue article",
    "author": 13,
    "body": "here it is",
    "is_deleted": false,
    "created_at": "2023-07-18T07:21:27.335Z",
    "updated_at": "2023-07-18T07:21:27.335Z",
    "tags": []
  }
},
{
  "model": "articles.comment",
  "pk": 5,
  "fields": {
    "article": 18,
    "text": "yo yo yo",
    "author": 14,
    "created_at": "2023-07-16T08:52:06.938Z",
    "updated_at": "2023-07-16T08:52:06.938Z"
  }
},
{
  "model": "articles.comment",
  "pk": 6,
  "fields": {
    "article": 16,
    "text": "pakito's good",
    "author": 14,
    "created_at": "2023-07-16T08:57:28.191Z",
    "updated_at": "2023-07-16T08:57:28.191Z"
  }
}
]
